,EventTime,event
0,2021-01-22 07:00:00,0
1,2021-01-22 08:00:00,0
2,2021-01-22 09:00:00,0
3,2021-01-22 10:00:00,17
4,2021-01-22 11:00:00,21
5,2021-01-22 12:00:00,18
6,2021-01-22 13:00:00,58
7,2021-01-22 14:00:00,12
8,2021-01-22 15:00:00,15
9,2021-01-22 16:00:00,23
10,2021-01-22 17:00:00,0
11,2021-01-22 18:00:00,0
12,2021-01-22 19:00:00,0
13,2021-01-22 20:00:00,0
14,2021-01-22 21:00:00,0
15,2021-01-22 22:00:00,0
16,2021-01-22 23:00:00,0
17,2021-01-23 00:00:00,0
18,2021-01-23 01:00:00,0
19,2021-01-23 02:00:00,0
20,2021-01-23 03:00:00,0
21,2021-01-23 04:00:00,0
22,2021-01-23 05:00:00,0
23,2021-01-23 06:00:00,0
24,2021-01-23 07:00:00,1
25,2021-01-23 08:00:00,4
26,2021-01-23 09:00:00,11
27,2021-01-23 10:00:00,12
28,2021-01-23 11:00:00,9
29,2021-01-23 12:00:00,14
30,2021-01-23 13:00:00,13
31,2021-01-23 14:00:00,8
32,2021-01-23 15:00:00,13
33,2021-01-23 16:00:00,15
34,2021-01-23 17:00:00,0
35,2021-01-23 18:00:00,0
36,2021-01-23 19:00:00,0
37,2021-01-23 20:00:00,0
38,2021-01-23 21:00:00,0
39,2021-01-23 22:00:00,0
40,2021-01-23 23:00:00,0
41,2021-01-24 00:00:00,0
42,2021-01-24 01:00:00,0
43,2021-01-24 02:00:00,0
44,2021-01-24 03:00:00,0
45,2021-01-24 04:00:00,0
46,2021-01-24 05:00:00,0
47,2021-01-24 06:00:00,0
48,2021-01-24 07:00:00,0
49,2021-01-24 08:00:00,0
50,2021-01-24 09:00:00,2
51,2021-01-24 10:00:00,7
52,2021-01-24 11:00:00,7
53,2021-01-24 12:00:00,14
54,2021-01-24 13:00:00,9
55,2021-01-24 14:00:00,9
56,2021-01-24 15:00:00,10
57,2021-01-24 16:00:00,6
58,2021-01-24 17:00:00,0
59,2021-01-24 18:00:00,0
60,2021-01-24 19:00:00,0
61,2021-01-24 20:00:00,0
62,2021-01-24 21:00:00,0
63,2021-01-24 22:00:00,0
64,2021-01-24 23:00:00,0
65,2021-01-25 00:00:00,0
66,2021-01-25 01:00:00,0
67,2021-01-25 02:00:00,0
68,2021-01-25 03:00:00,0
69,2021-01-25 04:00:00,0
70,2021-01-25 05:00:00,0
71,2021-01-25 06:00:00,0
72,2021-01-25 07:00:00,1
73,2021-01-25 08:00:00,11
74,2021-01-25 09:00:00,10
75,2021-01-25 10:00:00,15
76,2021-01-25 11:00:00,8
77,2021-01-25 12:00:00,9
78,2021-01-25 13:00:00,2
79,2021-01-25 14:00:00,14
80,2021-01-25 15:00:00,9
81,2021-01-25 16:00:00,14
82,2021-01-25 17:00:00,0
83,2021-01-25 18:00:00,0
84,2021-01-25 19:00:00,0
85,2021-01-25 20:00:00,0
86,2021-01-25 21:00:00,0
87,2021-01-25 22:00:00,0
88,2021-01-25 23:00:00,0
89,2021-01-26 00:00:00,0
90,2021-01-26 01:00:00,0
91,2021-01-26 02:00:00,0
92,2021-01-26 03:00:00,0
93,2021-01-26 04:00:00,0
94,2021-01-26 05:00:00,0
95,2021-01-26 06:00:00,0
96,2021-01-26 07:00:00,3
97,2021-01-26 08:00:00,20
98,2021-01-26 09:00:00,14
99,2021-01-26 10:00:00,11
100,2021-01-26 11:00:00,17
101,2021-01-26 12:00:00,14
102,2021-01-26 13:00:00,16
103,2021-01-26 14:00:00,18
104,2021-01-26 15:00:00,18
105,2021-01-26 16:00:00,24
106,2021-01-26 17:00:00,0
107,2021-01-26 18:00:00,0
108,2021-01-26 19:00:00,0
109,2021-01-26 20:00:00,0
110,2021-01-26 21:00:00,0
111,2021-01-26 22:00:00,0
112,2021-01-26 23:00:00,0
113,2021-01-27 00:00:00,0
114,2021-01-27 01:00:00,0
115,2021-01-27 02:00:00,0
116,2021-01-27 03:00:00,0
117,2021-01-27 04:00:00,0
118,2021-01-27 05:00:00,0
119,2021-01-27 06:00:00,0
120,2021-01-27 07:00:00,7
121,2021-01-27 08:00:00,15
122,2021-01-27 09:00:00,8
123,2021-01-27 10:00:00,10
124,2021-01-27 11:00:00,18
125,2021-01-27 12:00:00,15
126,2021-01-27 13:00:00,12
127,2021-01-27 14:00:00,11
128,2021-01-27 15:00:00,13
129,2021-01-27 16:00:00,21
130,2021-01-27 17:00:00,0
